{"cameraMode":{"drawMode":0,"name":"Shaded","section":"Shading Mode"},"sceneLighting":true,"audioPlay":false,"sceneViewState":{"showFog":true,"showMaterialUpdate":true,"showSkybox":true,"showFlares":true,"showImageEffects":true,"showParticleSystems":true},"in2DMode":false,"pivot":{"x":-0.5320804119110107,"y":-1.605493426322937,"z":1.2560662031173707},"rotation":{"x":-0.19807662069797517,"y":0.7604936361312866,"z":-0.27099740505218508,"w":-0.5558866858482361},"size":8.124185562133789,"orthographic":false}