{"cameraMode":{"drawMode":0,"name":"Shaded","section":"Shading Mode"},"sceneLighting":true,"audioPlay":false,"sceneViewState":{"showFog":true,"showMaterialUpdate":true,"showSkybox":true,"showFlares":true,"showImageEffects":true,"showParticleSystems":true},"in2DMode":false,"pivot":{"x":-0.17554569244384767,"y":-2.123147964477539,"z":-0.07388683408498764},"rotation":{"x":-0.14078351855278016,"y":0.821559727191925,"z":-0.23030613362789155,"w":-0.5022319555282593},"size":10.283782005310059,"orthographic":false}