{"cameraMode":{"drawMode":0,"name":"Shaded","section":"Shading Mode"},"sceneLighting":true,"audioPlay":false,"sceneViewState":{"showFog":true,"showMaterialUpdate":true,"showSkybox":true,"showFlares":true,"showImageEffects":true,"showParticleSystems":true},"in2DMode":false,"pivot":{"x":-8.867849349975586,"y":-2.196077346801758,"z":22.932518005371095},"rotation":{"x":-0.1412910372018814,"y":0.3618083894252777,"z":-0.05555371567606926,"w":-0.9198964238166809},"size":35.40884780883789,"orthographic":false}