{"cameraMode":{"drawMode":0,"name":"Shaded","section":"Shading Mode"},"sceneLighting":true,"audioPlay":false,"sceneViewState":{"showFog":true,"showMaterialUpdate":true,"showSkybox":true,"showFlares":true,"showImageEffects":true,"showParticleSystems":true},"in2DMode":false,"pivot":{"x":-0.3907341957092285,"y":-1.2324697971343995,"z":0.28447723388671877},"rotation":{"x":-0.13169416785240174,"y":0.8394562005996704,"z":-0.23396535217761994,"w":-0.47253456711769106},"size":9.132963180541993,"orthographic":false}