{"cameraMode":{"drawMode":0,"name":"Shaded","section":"Shading Mode"},"sceneLighting":true,"audioPlay":false,"sceneViewState":{"showFog":true,"showMaterialUpdate":true,"showSkybox":true,"showFlares":true,"showImageEffects":true,"showParticleSystems":true},"in2DMode":false,"pivot":{"x":1.8476046323776246,"y":-8.412623405456543,"z":26.279630661010743},"rotation":{"x":0.24827326834201814,"y":-0.5464276671409607,"z":0.17371661961078645,"w":0.7809478640556336},"size":42.00788879394531,"orthographic":false}