{"cameraMode":{"drawMode":0,"name":"Shaded","section":"Shading Mode"},"sceneLighting":true,"audioPlay":false,"sceneViewState":{"showFog":true,"showMaterialUpdate":true,"showSkybox":true,"showFlares":true,"showImageEffects":true,"showParticleSystems":true},"in2DMode":false,"pivot":{"x":5.137880325317383,"y":-3.4466772079467775,"z":29.83470344543457},"rotation":{"x":0.16282835602760316,"y":-0.2643774449825287,"z":0.045316632837057117,"w":0.9496381878852844},"size":38.41217803955078,"orthographic":false}