{"cameraMode":{"drawMode":0,"name":"Shaded","section":"Shading Mode"},"sceneLighting":true,"audioPlay":false,"sceneViewState":{"showFog":true,"showMaterialUpdate":true,"showSkybox":true,"showFlares":true,"showImageEffects":true,"showParticleSystems":true},"in2DMode":false,"pivot":{"x":-4.114161968231201,"y":-6.906406879425049,"z":8.987525939941407},"rotation":{"x":-0.2114931046962738,"y":0.6038479804992676,"z":-0.15170793235301972,"w":-0.7538771629333496},"size":57.87029266357422,"orthographic":false}